,realpath,angry,sad,neutral,happy,surprise,fear,disgust
0,cbe3892bec55813a8ec7cf93bbd3b497,70,0.476190476,2.857142857,26.19047619,,,0.476190476
